Date,IS_HOLIDAY,SCHOOL_OUT,DAY_VISITS,NIGHT_VISITS,TOTAL_VISITS,M_PRCP,M_SNWD,M_TAVG,M_TMAX,M_TMIN,T_AWND,T_PRCP,T_SNOW,T_TAVG,T_TMAX,T_TMIN
11/21/2015,0,0,42,572,588,0,12,36,50,30,4.92,0,0,44,51,32
11/27/2015,0,1,1083,750,1196,0,11,35,37,31,6.26,0,0,36,50,25
11/28/2015,0,0,1513,1041,1668,0,11,38,42,31,9.17,0,0,38,47,31
11/29/2015,0,0,1238,707,1328,0,11,39,44,30,12.3,0,0,36,41,29
12/4/2015,0,0,618,227,648,0.9,18,30,31,28,9.84,0.26,0,47,50,43
12/5/2015,0,0,2115,1300,2236,0,18,32,36,28,17,0.39,0,45,47,43
12/6/2015,0,0,2429,1082,2529,0.9,23,34,35,33,13.2,0.75,0,49,57,44
12/11/2015,0,0,1710,648,1764,0.8,28,29,31,27,10.51,0.72,0,45,46,43
12/12/2015,0,0,3446,2675,4316,1.7,35,30,34,28,10.29,0.72,0,44,50,43
12/13/2015,0,0,5277,2733,5459,2.2,50,27,30,25,10.07,0.63,0,46,49,42
12/14/2015,0,0,2022,958,2063,0.5,49,24,29,20,3.8,0.02,0,42,44,35
12/15/2015,0,0,1866,960,1914,0,46,25,29,19,3.58,0.12,0,39,42,35
12/16/2015,0,0,1164,672,1205,0.5,47,29,31,28,6.04,0.1,0,42,45,41
12/17/2015,0,0,1592,152,1606,3,50,33,37,28,17,1.87,0,41,55,38
12/18/2015,0,0,1228,1319,1923,0.4,49,30,37,26,10.07,0.23,0,48,54,42
12/19/2015,0,0,4241,3976,5589,0.3,48,27,29,25,7.61,0.15,0,44,49,40
12/20/2015,0,0,3908,3203,4864,0.7,54,27,30,26,9.62,0.35,0,44,49,41
12/21/2015,0,1,2340,212,2383,2.5,64,28,33,26,15.21,0.8,0,45,52,40
12/22/2015,0,1,3573,2177,3690,1.3,69,25,28,23,4.92,0.2,0,44,46,37
12/23/2015,0,1,3301,2963,4469,2.6,85,23,24,22,12.75,0.59,0,41,43,37
12/24/2015,1,1,3811,1617,3900,0.3,83,23,27,20,3.8,0.06,0,40,42,37
12/25/2015,1,1,3323,2952,4181,0,80,21,27,15,3.8,0.01,0,39,43,35
12/26/2015,0,0,4271,4675,6217,0.2,80,20,28,14,7.61,0,0,38,41,34
12/27/2015,0,0,4743,4103,6042,0.4,81,27,31,23,11.41,0.27,0.1,38,41,34
12/28/2015,0,1,5190,4312,6070,0,80,26,29,23,3.13,0.03,0,36,40,35
12/29/2015,0,1,4737,3934,5525,0,80,24,27,22,8.5,0.24,0,38,39,32
12/30/2015,0,1,5506,5606,7375,0,78,19,23,16,10.29,0,0,36,44,29
12/31/2015,1,1,4503,4511,6331,0,76,20,24,15,20.58,0,0,36,39,33
1/1/2016,1,1,4295,4596,5932,0,75,26,31,21,25.28,0,0,34,37,31
1/2/2016,0,0,5082,4863,6787,0,75,19,25,14,24.16,0,0,32,36,28
1/3/2016,0,0,2950,2226,3563,0.4,74,23,34,13,11.63,0.31,1.3,29,32,28
1/4/2016,0,0,858,588,893,0,74,33,36,30,4.03,0.01,0,32,36,31
1/5/2016,0,0,946,507,973,0.3,74,32,34,30,7.16,0.17,0,35,40,31
1/6/2016,0,0,1340,1821,2409,0,73,30,33,29,5.14,0,0,37,43,30
1/7/2016,0,0,1394,1691,2272,0.1,74,30,33,27,2.01,0,0,40,47,34
1/8/2016,0,0,2050,2177,3027,0.1,73,29,33,25,3.58,0,0,38,47,29
1/9/2016,0,0,5706,5378,7436,0.1,73,29,34,26,10.51,0.03,0,40,46,33
1/10/2016,0,0,6189,4918,7140,0,73,29,33,25,10.51,0,0,40,50,29
1/11/2016,0,0,883,561,958,0.3,73,31,35,24,12.08,0.2,0,41,42,38
1/12/2016,0,0,693,370,719,0.5,74,34,36,31,14.32,0.84,0,40,43,39
1/13/2016,0,0,1032,1753,2069,0.7,76,32,36,26,8.05,0.86,0,43,49,41
1/14/2016,0,0,1583,1908,2690,0.9,84,28,30,26,8.05,0.29,0,44,46,40
1/15/2016,0,0,3333,2717,4540,0.4,82,30,32,27,11.41,0.1,0,42,47,39
1/16/2016,0,0,4567,4180,6279,0.5,82,33,36,29,13.42,0.52,0,45,52,42
1/17/2016,0,0,4578,4278,6018,0.8,85,32,34,30,13.42,0.87,0,45,47,42
1/18/2016,1,1,5376,5473,7595,0.2,85,31,33,30,11.18,0.25,0,44,51,40
1/19/2016,0,0,1199,570,1239,1.4,95,31,33,28,10.51,0.64,0,45,48,42
1/20/2016,0,0,2928,2485,4069,0.5,95,29,35,27,10.96,0.15,0,46,50,42
1/21/2016,0,0,286,589,718,0,90,39,44,34,15.66,0.25,0,47,52,45
1/22/2016,0,0,1036,1533,1916,0.3,88,36,38,34,9.17,0.3,0,50,59,44
1/23/2016,0,0,5922,5580,7947,0.9,94,32,37,30,5.59,0.21,0,48,52,44
1/24/2016,0,0,5880,4600,6876,0.4,93,29,33,28,3.8,0,0,46,50,38
1/25/2016,0,0,2314,1409,2361,0,91,32,36,30,8.72,0,0,46,56,42
1/26/2016,0,0,293,101,307,0.2,87,40,42,35,9.62,0.08,0,47,49,44
1/27/2016,0,0,1139,1372,1786,0,84,42,46,40,14.54,0.03,0,49,54,47
1/28/2016,0,0,166,574,644,1.3,82,36,43,29,10.74,0.56,0,51,59,45
1/29/2016,0,0,1902,2293,3035,1,88,29,34,26,10.74,0.28,0,48,53,41
1/30/2016,0,0,6469,5985,8293,0.8,95,25,28,23,6.71,0.15,0,44,47,39
1/31/2016,0,0,6059,4832,7182,0.5,94,23,28,21,3.13,0.13,0,41,44,39
2/1/2016,0,0,1710,932,1752,0,94,24,27,21,6.26,0.05,0,41,47,38
2/2/2016,0,0,1400,757,1437,0.1,92,24,31,18,8.05,0,0,41,49,32
2/3/2016,0,0,1479,2192,2674,0.7,97,29,32,26,14.76,0.26,0,44,49,41
2/4/2016,0,0,1892,1601,2909,2.5,106,31,33,29,9.4,0.4,0,48,56,44
2/5/2016,0,0,1666,1704,2506,0.2,105,32,37,29,8.72,0.12,0,47,58,40
2/6/2016,0,0,5665,5584,7392,0,103,30,35,24,3.8,0,0,48,52,41
2/7/2016,0,0,5408,3465,6029,0,101,40,47,34,1.79,0,0,48,62,44
2/8/2016,0,0,1311,649,1349,0,97,50,59,44,4.03,0,0,49,62,37
2/9/2016,0,0,1016,453,1045,0,95,48,58,42,8.95,0,0,52,60,43
2/10/2016,0,0,1290,1602,2074,0,93,44,48,38,6.71,0,0,50,62,42
2/11/2016,0,0,438,614,868,0.4,90,43,46,40,7.38,0.13,0,52,58,46
2/12/2016,0,0,755,993,1372,0.5,90,37,42,31,10.74,0.27,0,51,56,47
2/13/2016,0,0,5187,4451,6636,1.2,96,31,34,29,8.72,0.26,0,49,53,45
2/14/2016,0,0,639,335,809,2.4,90,38,42,34,8.05,0.19,0,51,58,50
2/15/2016,1,1,2035,1975,2708,0,88,38,43,35,7.38,0,0,56,61,50
2/16/2016,0,0,612,414,642,0.1,86,38,44,36,4.47,0.35,0,53,56,47
2/17/2016,0,0,595,987,1139,0.4,88,40,46,29,8.95,0.35,0,51,63,46
2/18/2016,0,0,1115,1571,2039,0.9,95,30,31,27,10.07,0.42,0,47,50,42
2/19/2016,0,0,2725,2364,3849,0.9,103,30,33,26,14.32,0.24,0,48,52,43
2/20/2016,0,0,6559,5855,8370,0.2,101,28,31,24,4.7,0.05,0,44,53,39
2/21/2016,0,0,4774,3363,5550,0.3,102,30,36,27,6.49,0.1,0,44,53,35
2/22/2016,0,0,1476,877,1520,0.1,101,28,34,22,2.91,0,0,43,54,36
2/23/2016,0,0,1297,797,1354,0,100,32,38,26,12.3,0,0,44,59,33
2/24/2016,0,0,979,1175,1609,0,98,39,47,34,6.71,0,0,51,62,42
2/25/2016,0,0,1303,1372,1995,0,96,43,52,36,4.7,0,0,49,64,37
2/26/2016,0,0,1370,1123,1756,0.4,94,42,49,36,5.14,0.38,0,53,60,43
2/27/2016,0,0,3629,2872,4435,0.9,94,34,37,32,9.84,0.13,0,53,59,48
2/28/2016,0,0,3360,2139,4031,0.4,96,32,37,27,13.2,0.08,0,51,57,47
2/29/2016,0,0,1161,605,1197,0.6,99,30,34,25,8.05,0.32,0,49,52,45
3/1/2016,0,0,170,41,175,0.3,96,34,39,28,16.78,0.31,0,49,59,46
3/2/2016,0,0,610,558,876,0,95,35,44,27,9.4,0.36,0,50,57,44
3/3/2016,0,0,635,676,924,0.3,95,35,42,31,8.28,0.05,0,52,62,46
3/4/2016,0,0,1260,1199,1680,0,94,40,45,34,7.83,0,0,51,59,42
3/5/2016,0,0,2045,1602,2413,0.5,91,39,42,36,11.18,0.33,0,54,61,49
3/6/2016,0,0,3320,2824,4100,0.6,95,31,37,29,11.86,0.25,0,53,55,47
3/7/2016,0,0,1156,555,1177,0.3,97,28,33,26,9.62,0.04,0,48,54,43
3/8/2016,0,0,983,516,1012,0.4,100,28,31,23,8.28,0.11,0,45,47,38
3/9/2016,0,0,1253,422,1284,0.8,101,34,39,30,15.21,0.6,0,45,51,44
3/10/2016,0,0,1242,671,1273,0.3,99,33,38,29,11.41,0.24,0,51,57,44
3/11/2016,0,0,1846,1402,2364,0.1,98,36,39,32,8.28,0.16,0,46,54,40
3/12/2016,0,0,4507,3347,5486,0.5,100,30,36,26,12.3,0.34,0,48,51,44
3/13/2016,0,0,3748,2122,4392,1.6,113,29,34,26,13.87,0.55,0,46,53,43
3/14/2016,0,0,2357,968,2408,2.1,125,26,28,24,11.41,0.34,0,45,51,42
3/15/2016,0,0,2591,972,2631,1.6,132,28,32,25,5.37,0.25,0,45,48,42
3/16/2016,0,0,2162,1060,2213,0.3,127,32,36,25,4.47,0.06,0,47,57,41
3/17/2016,0,0,1925,1081,1990,0,124,29,35,23,12.97,0,0,47,61,33
3/18/2016,0,0,1901,1777,2505,0,122,34,42,27,20.58,0,0,53,61,47
3/19/2016,0,0,4254,3235,5010,0,118,42,48,37,8.05,0,0,55,67,46
3/20/2016,0,0,1351,960,1617,0.4,112,39,45,33,9.62,0.23,0,55,57,49
3/21/2016,0,1,1747,1194,1785,0.3,113,32,37,29,9.84,0.14,0,51,54,46
3/22/2016,0,1,2276,1337,2325,0.8,117,30,34,28,6.71,0.11,0,48,56,45
3/23/2016,0,1,2316,1613,2371,0.4,118,32,36,28,10.51,0.09,0,50,54,46
3/24/2016,0,1,1907,1066,1959,0.5,120,29,34,26,9.84,0.03,0,50,57,45
3/25/2016,0,1,3254,2132,3341,0.5,120,29,34,26,2.91,0.01,0,49,57,42
3/26/2016,0,0,4289,2725,4444,0.1,119,33,41,27,6.93,0.05,0,49,59,41
3/27/2016,0,0,2125,1221,2187,1.5,130,28,34,24,9.4,0.08,0,51,54,42
3/28/2016,0,0,1731,674,1748,0,127,29,35,23,4.92,0,0,46,58,38
3/29/2016,0,0,1187,622,1214,0,123,36,41,30,5.59,0,0,47,65,35
3/30/2016,0,0,1007,507,1035,0,121,42,53,32,4.7,0,0,54,74,39
3/31/2016,0,0,1026,300,1046,0,118,45,55,38,3.8,0,0,58,75,44
4/1/2016,0,0,1429,465,1472,0,116,48,58,42,4.03,0,0,59,76,46
4/2/2016,0,0,3281,1531,3353,0,114,45,52,39,3.8,0,0,58,70,46
4/3/2016,0,0,2758,1114,2826,0,112,44,55,33,7.16,0.06,0,58,73,44
4/4/2016,0,0,506,329,524,1,120,31,33,28,8.5,0.05,0,56,61,47
4/5/2016,0,0,1141,411,1166,0,117,34,42,28,2.91,0,0,52,61,46
4/6/2016,0,0,804,252,816,0,114,52,63,39,4.03,0,0,53,74,39
4/7/2016,0,0,677,198,686,0,109,59,64,53,7.61,0,0,63,85,47
4/8/2016,0,0,1248,376,1270,0,106,57,67,48,6.71,0,0,67,83,51
4/9/2016,0,0,2320,898,2384,0,104,52,61,41,3.36,0,0,60,68,50
4/10/2016,0,0,2433,774,2475,0,103,44,52,38,4.03,0,0,55,61,50
4/11/2016,0,0,528,177,544,0,102,44,52,36,5.14,0,0,54,62,51
4/12/2016,0,0,264,124,270,0.5,104,34,38,31,8.28,0.19,0,56,60,48
4/13/2016,0,0,380,134,383,0.6,106,33,40,29,9.4,0.18,0,51,59,46
4/14/2016,0,0,935,345,957,0.8,112,30,36,27,9.17,0.66,0,50,54,46
4/15/2016,0,0,1776,416,1808,0,110,32,37,27,2.91,0,0,51,61,42
4/16/2016,0,0,2901,920,2952,0,108,41,53,30,3.13,0,0,53,71,40
4/17/2016,0,0,2745,827,2787,0,102,52,58,43,10.51,0,0,62,81,47
4/22/2016,0,0,253,80,264,0.2,90,39,45,35,6.93,0.41,0,60,65,52
4/23/2016,0,0,825,234,847,0.7,89,36,40,33,7.83,0.05,0,57,62,52
4/24/2016,0,0,2087,738,2110,0.7,94,31,36,28,7.38,0.05,0,54,57,43
4/29/2016,0,0,479,173,487,0,90,34,36,33,5.14,0.08,0,55,60,49
4/30/2016,0,0,2400,717,2451,0,88,41,52,30,4.7,0,0,53,70,42
5/1/2016,0,0,1108,210,1124,0,84,48,54,42,8.5,0,0,62,82,46
5/2/2016,0,0,118,0,118,0,80,54,62,48,4.92,0,0,70,88,53
5/7/2016,0,0,856,7,859,0,64,54,63,45,7.61,0,0,71,86,55
5/8/2016,0,0,673,28,674,0.4,61,40,51,30,12.75,0,0,62,66,53
5/14/2016,0,0,920,2,920,0.2,44,44,55,38,3.8,0.1,0,63,59,54
11/25/2016,0,1,1046,539,1130,0.3,13,33,37,32,9.4,0.33,0,48,51,46
11/26/2016,0,0,1680,1007,1787,0.2,14,33,36,27,8.5,0.46,0,51,56,44
11/27/2016,0,0,1840,786,1916,1.1,20,29,32,27,9.62,0.23,0,46,49,44
11/28/2016,0,0,895,316,938,1.8,30,29,31,27,5.82,0.07,0,47,53,43
11/29/2016,0,0,1107,341,1149,0.4,29,29,34,27,6.04,0.1,0,47,52,43
11/30/2016,0,0,973,384,1013,1.4,38,29,31,26,7.38,0.12,0,47,51,42
12/1/2016,0,0,1200,391,1235,0.6,40,27,30,25,4.92,0.02,0,44,47,39
12/2/2016,0,0,1511,600,1537,0.4,38,31,34,25,5.82,0.08,0,45,48,44
12/3/2016,0,0,4067,2243,4223,0.7,40,30,33,28,5.59,0.14,0,47,52,42
12/4/2016,0,0,4531,2770,4729,1.9,54,25,30,20,6.26,0.54,0,47,48,34
12/5/2016,0,0,1908,770,1957,0.7,58,21,23,19,6.93,0.25,0,39,39,35
12/6/2016,0,0,2014,766,2053,0,56,18,25,11,3.8,0,0,39,45,29
12/7/2016,0,0,1241,652,1293,0,53,14,18,12,14.99,0,0,34,40,27
12/8/2016,0,0,1388,765,1455,0.5,53,20,30,16,26.17,0.15,0.5,33,34,30
12/9/2016,0,0,2792,1972,3563,0.9,56,31,32,30,12.75,0.7,0,32,33,32
12/10/2016,0,0,5539,4284,6828,1.1,66,27,30,25,8.28,0.24,0,33,44,32
12/11/2016,0,0,5106,2314,5258,2.1,80,26,27,24,7.16,0.41,0,43,47,41
12/12/2016,0,0,2411,977,2447,0.8,79,25,29,18,4.47,0.02,0,43,47,38
12/13/2016,0,0,2004,937,2053,0,75,22,26,19,7.61,0,0,40,41,34
12/14/2016,0,0,1050,560,1083,0.5,77,24,27,21,23.04,0.05,2.3,34,35,27
12/15/2016,0,0,2599,1100,2660,0,75,24,28,19,4.7,0.01,0,30,33,25
12/16/2016,0,0,2730,2281,3485,0,72,16,21,8,4.92,0,0,30,38,25
12/17/2016,0,0,4581,3772,5746,0,71,17,20,8,5.82,0,0,31,35,27
12/18/2016,0,0,4643,3422,5518,0,69,23,31,16,4.92,0,0,32,38,27
12/19/2016,0,1,1920,743,1966,1.3,73,33,34,31,9.4,0.84,0,35,48,30
12/20/2016,0,1,1213,746,1259,1.1,70,30,36,23,7.83,0.47,0,47,52,35
12/21/2016,0,1,4038,3623,4868,0.4,68,30,37,22,2.91,0,0,37,38,30
12/22/2016,0,1,2320,1859,2868,0,67,34,38,29,2.91,0.02,0,33,46,30
12/23/2016,0,1,4256,3299,5195,0.4,69,27,31,22,6.04,0.19,0,40,45,32
12/24/2016,1,0,2848,1216,2926,0.4,71,22,24,20,2.24,0,0,35,41,27
12/25/2016,1,0,2802,2462,3567,0,69,21,27,18,4.25,0,0,38,44,32
12/26/2016,0,1,4646,3954,5779,0.6,72,24,29,19,6.04,0.21,0,34,40,27
12/27/2016,0,1,4032,2712,4771,2.8,85,27,31,23,6.26,0.11,0,41,47,36
12/28/2016,0,1,6300,5364,7913,0,84,25,28,21,3.58,0,0,39,42,35
12/29/2016,0,1,6122,5120,7490,0,81,31,34,27,5.59,0.06,0,38,42,33
12/30/2016,0,1,5609,5006,7056,0,80,25,32,19,2.24,0.01,0,40,44,31
12/31/2016,1,0,4341,4072,6074,0.1,81,24,32,20,5.37,0.09,0,35,37,32
1/1/2017,1,0,3604,3537,4956,1.1,91,20,22,16,7.83,0.05,0,36,40,32
1/2/2017,0,0,5743,3259,5929,0,88,14,16,11,19.46,0,0,34,35,29
1/3/2017,0,0,1402,913,1465,0,83,12,15,10,23.04,0,0,31,34,27
1/4/2017,0,0,338,275,465,0,72,14,18,9,21.25,0,0,29,33,27
1/5/2017,0,0,1214,1395,1795,0,72,21,25,16,7.16,0,0,27,35,17
1/6/2017,0,0,2156,2169,3026,0,71,24,31,13,12.75,0,0,25,34,17
1/7/2017,0,0,3337,2522,4251,0.3,72,21,34,13,17.67,0.02,0.4,27,30,24
1/8/2017,0,0,3052,2191,3703,0.7,76,31,34,27,15.21,0.53,0,30,34,28
1/9/2017,0,0,1716,1001,1819,0.6,80,25,27,24,9.84,0.28,0,33,41,30
1/10/2017,0,0,1859,912,1914,1,88,26,29,18,13.42,0.65,6.5,36,38,31
1/11/2017,0,0,3239,2387,3992,0,87,20,23,15,12.3,0.07,1.5,31,32,26
1/12/2017,0,0,3007,2815,3930,0,85,20,26,13,4.92,0,0,28,33,18
1/13/2017,0,0,2705,2536,3641,0,84,26,30,22,6.71,0,0,22,29,11
1/14/2017,0,0,6673,6135,8193,0,82,27,30,23,14.32,0,0,24,29,19
1/15/2017,0,0,7002,6011,8440,0,81,32,42,22,10.96,0,0,24,28,19
1/16/2017,1,1,3320,3421,4805,0,80,40,46,33,14.32,0,0,24,29,22
1/17/2017,0,0,207,96,216,0.6,76,40,45,37,18.12,0.7,0,27,34,24
1/18/2017,0,0,81,401,421,0.5,75,36,40,31,14.99,1.06,0,34,47,33
1/19/2017,0,0,692,1055,1302,0.2,76,30,33,27,11.86,0,0,41,52,35
1/20/2017,0,0,1570,1766,2422,0.3,79,28,30,27,11.41,0.26,0,40,42,37
1/21/2017,0,0,6127,5430,7693,0.3,80,29,32,27,11.63,0.33,0,39,47,36
1/22/2017,0,0,5736,4477,6671,0.3,81,27,29,23,9.84,0.15,0,41,46,36
1/23/2017,0,0,1663,828,1705,0.1,81,26,32,21,5.82,0,0,40,50,32
1/24/2017,0,0,1443,791,1475,0.1,81,24,29,20,2.68,0,0,35,41,26
1/25/2017,0,0,1743,1936,2563,0.5,84,27,29,26,2.68,0.01,0,37,45,35
1/26/2017,0,0,1461,1735,2424,0,82,28,34,25,4.25,0,0,41,48,35
1/27/2017,0,0,2550,2488,3531,0,82,31,37,25,6.71,0,0,38,48,29
1/28/2017,0,0,6508,5419,7854,0,81,38,43,32,8.05,0,0,38,44,31
1/29/2017,0,0,5910,4084,6566,0,80,39,43,34,7.61,0.01,0,38,46,33
1/30/2017,0,0,1211,742,1294,0,79,38,42,35,4.03,0,0,39,44,35
1/31/2017,0,0,832,410,865,0,79,26,35,19,7.83,0.01,0,39,41,33
2/1/2017,0,0,1166,1188,1655,0.4,78,17,21,15,27.96,0,0,37,41,35
2/2/2017,0,0,799,995,1353,0,77,20,25,16,29.53,0,0,36,39,32
2/3/2017,0,0,1755,2088,2718,0.8,83,30,34,24,14.54,0.55,0,33,34,31
2/4/2017,0,0,5956,4532,7384,0.8,88,33,34,31,13.65,0.59,0,36,52,33
2/5/2017,0,0,5812,3185,6464,1.3,94,32,35,29,5.59,2.19,0,42,46,34
2/6/2017,0,0,1825,791,1890,1.3,105,23,32,20,8.05,0.04,0,37,44,33
2/7/2017,0,0,2127,938,2182,0.3,104,26,29,21,6.04,0.08,0,37,39,32
2/8/2017,0,0,1908,824,2384,1,101,35,41,28,12.53,1.01,0,36,37,35
2/9/2017,0,0,101,179,242,0.7,95,38,41,30,14.76,0.96,0,41,59,37
2/10/2017,0,0,1356,1634,2237,0.8,100,27,30,24,9.62,0.09,0,49,51,36
2/11/2017,0,0,6056,5547,7584,0.1,98,25,32,22,1.57,0,0,43,53,35
2/12/2017,0,0,6068,4395,6805,0,97,33,39,26,3.36,0,0,39,51,31
2/13/2017,0,0,1550,886,1584,0,96,41,45,34,10.07,0,0,40,53,29
2/14/2017,0,0,1208,576,1231,0,94,43,49,37,10.74,0.01,0,42,50,33
2/15/2017,0,0,99,148,209,0.8,89,42,46,39,17.22,0.98,0,42,43,38
2/16/2017,0,0,573,1050,1308,1.3,94,33,39,29,10.07,1.7,0,43,49,41
2/17/2017,0,0,2348,2193,3245,0,94,33,35,30,3.58,0,0,46,57,40
2/18/2017,0,0,5897,4876,7127,0.5,96,31,33,28,6.04,0.25,0,46,46,40
2/19/2017,0,0,6502,5365,7778,0.5,99,29,33,26,10.51,0.27,0,44,51,40
2/20/2017,1,1,3815,2347,4647,0.5,102,31,34,29,6.49,0.81,0,43,50,40
2/21/2017,0,0,1850,826,1889,1,110,28,32,22,3.8,0.52,0,44,48,36
2/22/2017,0,0,2434,2108,3160,0.2,107,22,29,19,2.46,0,0,38,45,31
2/23/2017,0,0,1685,1652,2336,0,106,21,28,17,3.58,0,0,38,44,32
2/24/2017,0,0,2012,2104,2946,0.3,107,21,27,17,6.04,0.07,0,37,41,32
2/25/2017,0,0,6244,5082,7518,0,105,22,27,16,2.91,0.05,0,37,48,31
2/26/2017,0,0,5081,3821,5921,0.4,109,22,27,20,8.72,0.14,0,41,43,35
2/27/2017,0,0,1450,689,1486,1.6,120,22,24,19,7.61,0.03,0,38,45,36
2/28/2017,0,0,1691,698,1723,1.3,124,24,27,21,5.37,0.02,0,41,50,36
3/1/2017,0,0,2272,1937,2937,0,122,28,33,25,9.62,0,0,45,51,40
3/2/2017,0,0,1883,1716,2494,0,120,29,36,24,8.72,0.06,0,44,51,36
3/3/2017,0,0,2093,1704,2752,0.7,123,31,34,26,12.75,0.11,0,48,53,43
3/4/2017,0,0,5609,4357,6813,0.2,123,25,29,22,7.61,0.14,0,43,47,35
3/5/2017,0,0,6127,4220,7047,0.4,125,21,27,17,14.32,0.09,0,41,47,36
3/6/2017,0,0,1867,750,1910,1.6,138,21,23,19,11.18,0.11,0,38,46,34
3/7/2017,0,0,1742,619,1769,1.9,148,29,34,23,11.41,0.49,0,41,50,40
3/8/2017,0,0,2058,599,2090,1.5,152,32,34,28,2.91,0.43,0,45,47,41
3/9/2017,0,0,381,114,389,1.5,142,37,41,34,7.38,0.53,0,43,58,41
3/10/2017,0,0,1653,1667,2310,0,137,36,40,33,8.5,0,0,55,60,44
3/11/2017,0,0,2886,1376,3443,0.6,136,36,41,33,8.05,0.3,0,47,58,39
3/12/2017,0,0,4108,3071,4687,0,134,36,44,32,6.49,0,0,52,61,46
3/13/2017,0,0,416,112,425,0.5,129,41,43,38,8.72,0.73,0,51,53,47
3/14/2017,0,0,189,85,197,0.4,125,40,43,37,10.74,0.62,0,52,57,49
3/15/2017,0,0,231,55,237,1.1,124,36,40,29,12.75,0.51,0,53,57,45
3/16/2017,0,0,1555,948,1633,0.1,122,28,34,24,3.8,0,0,47,55,37
3/17/2017,0,0,898,466,1057,0.4,121,36,42,29,8.28,0.35,0,44,48,37
3/18/2017,0,0,1277,1251,1921,0.7,120,34,42,24,8.28,0.36,0,48,55,36
3/19/2017,0,0,5702,4088,6441,0,119,30,38,20,4.03,0,0,42,57,32
3/20/2017,0,0,805,431,837,0,117,36,40,32,11.41,0.11,0,48,55,38
3/21/2017,0,0,358,216,366,0.4,117,36,40,34,12.75,0.23,0,47,57,44
3/22/2017,0,0,672,407,698,0.5,119,32,35,26,10.29,0.08,0,49,55,42
3/23/2017,0,0,1519,816,1551,0.3,121,31,40,24,8.95,0.32,0,48,58,41
3/24/2017,0,0,1672,705,1718,0.8,125,33,35,30,10.74,0.77,0,49,53,46
3/25/2017,0,0,4600,2384,4742,0.3,125,30,36,27,6.49,0,0,48,55,41
3/26/2017,0,0,3794,1906,3899,1.1,133,32,34,29,9.17,0.66,0,46,50,44
3/27/2017,0,1,3036,1554,3112,0.7,136,30,34,28,9.84,0.01,0,48,55,45
3/28/2017,0,1,2481,1602,2517,0.3,134,32,36,28,9.17,0.06,0,50,59,46
3/29/2017,0,1,473,165,498,1.2,132,36,40,30,10.51,0.19,0,52,58,46
3/30/2017,0,1,1742,1154,1799,0.7,134,29,35,26,8.95,0,0,49,57,43
3/31/2017,0,1,4190,2319,4288,0,131,33,45,25,3.36,0,0,48,58,39
4/1/2017,0,0,1750,774,1792,0,129,36,41,30,5.59,0.05,0,50,58,46
4/2/2017,0,0,3034,1792,3084,0.1,128,28,35,24,6.49,0,0,50,56,40
4/3/2017,0,0,1420,852,1445,0,127,31,42,19,4.25,0,0,46,57,35
4/4/2017,0,0,814,443,833,0,127,38,44,33,8.72,0.01,0,51,60,44
4/5/2017,0,0,606,271,622,0,125,41,46,36,8.72,0,0,53,63,47
4/6/2017,0,0,270,118,288,0.4,122,38,45,34,5.82,0.59,0,51,62,48
4/7/2017,0,0,485,285,515,0.6,126,32,38,26,17.22,0.1,0,54,57,45
4/8/2017,0,0,2803,1700,2867,0.6,131,26,30,24,8.72,0.04,0,47,53,39
4/9/2017,0,0,4630,2407,4706,0.2,131,29,37,21,9.62,0.06,0,46,57,38
4/10/2017,0,0,1024,431,1038,0.2,129,29,35,26,11.41,0.18,0,48,55,40
4/11/2017,0,0,1181,396,1194,0.1,129,33,37,26,8.28,0.16,0,47,59,35
4/12/2017,0,0,400,167,409,0.4,128,35,40,29,10.51,0.48,0,52,60,45
4/13/2017,0,0,974,361,997,0.3,128,29,35,26,8.5,0.03,0,48,53,42
4/14/2017,0,0,1516,697,1557,0.6,133,28,33,25,9.17,0.09,0,47,55,40
4/15/2017,0,0,4630,2588,4704,0,129,32,42,22,5.82,0,0,47,60,38
4/16/2017,0,0,2262,1028,2310,0.1,128,38,44,32,10.74,0.02,0,52,63,41
4/17/2017,0,0,480,117,488,0.4,127,35,38,33,8.05,0.19,0,54,59,48
4/18/2017,0,0,376,167,387,0.3,126,35,40,33,7.61,0.05,0,54,64,48
4/19/2017,0,0,420,135,429,0.2,127,36,42,32,6.49,0.43,0,53,56,47
4/20/2017,0,0,548,211,561,0.5,129,32,36,29,6.93,0.09,0,50,60,43
4/21/2017,0,0,1923,691,1960,0,125,36,45,23,8.5,0,0,51,69,39
4/22/2017,0,0,1208,504,1245,0.2,125,38,44,33,12.97,0.14,0,60,63,50
4/23/2017,0,0,2159,968,2202,0.4,126,33,37,31,7.61,0.27,0,53,56,47
4/28/2017,0,0,2291,735,2336,0,140,31,38,23,5.59,0,0,49,61,40
4/29/2017,0,0,4670,2119,4810,0.2,138,35,44,28,5.14,0.06,0,52,64,39
4/30/2017,0,0,1449,701,1489,0.6,136,33,38,29,7.83,0.01,0,54,60,45
5/5/2017,0,0,453,165,465,0.5,124,36,47,27,9.62,0.15,0,60,60,47
5/6/2017,0,0,3284,1724,3376,0.1,122,30,36,25,8.5,0,0,51,61,41
5/7/2017,0,0,397,1,397,0,121,36,46,26,8.28,0,0,53,66,42
11/18/2017,0,0,3376,1493,3471,0,36,28,36,25,3.8,0,0,45,53,36
11/19/2017,0,0,2599,1138,2692,0.5,33,30,36,25,7.83,0.17,0,41,51,35
12/2/2017,0,0,2877,1516,2992,0.5,29,29,30,27,7.61,0.28,0,47,47,43
12/3/2017,0,0,4290,1929,4380,0.3,31,26,28,22,3.8,0.07,0,43,47,39
12/4/2017,0,0,1136,488,1166,0,30,26,33,20,4.03,0,0,41,46,38
12/5/2017,0,0,794,389,822,0,27,33,38,27,4.25,0,0,40,50,34
12/6/2017,0,0,744,396,773,0,26,39,43,36,15.88,0,0,44,52,38
12/7/2017,0,0,671,351,705,0,24,43,47,38,17,0,0,46,50,37
12/8/2017,0,0,1049,537,1100,0,24,48,55,42,10.74,0,0,40,45,33
12/9/2017,0,0,3010,1684,3098,0,23,43,50,37,8.72,0,0,36,46,26
12/10/2017,0,0,2613,1506,2742,0,23,45,55,36,11.41,0,0,37,45,27
12/11/2017,0,0,703,375,743,0,23,44,53,36,11.63,0,0,38,44,30
12/12/2017,0,0,582,263,605,0,23,46,51,42,4.03,0,0,34,45,25
12/13/2017,0,0,566,267,600,0,22,43,49,38,7.83,0,0,38,46,29
12/14/2017,0,0,500,213,509,0,22,41,46,37,10.96,0,0,40,44,32
12/15/2017,0,0,487,473,711,0.4,24,35,45,27,3.8,0,0,37,40,32
12/16/2017,0,0,2635,2005,3250,0.1,24,27,29,24,3.8,0.02,0,40,45,37
12/17/2017,0,0,1424,1069,1705,0.1,24,32,34,28,6.71,0.02,0,43,49,41
12/18/2017,0,1,588,234,606,1,22,35,37,30,7.38,0.02,0,48,53,47
12/19/2017,0,1,887,569,931,1.2,36,31,36,24,12.3,0.5,0,50,53,41
12/20/2017,0,1,3869,2861,4642,0.3,36,23,26,21,8.72,0.03,0,43,46,30
12/21/2017,0,1,3385,2503,4056,0.2,34,24,31,19,2.91,0,0,33,37,26
12/22/2017,0,1,2526,1993,3233,0.9,44,26,28,21,4.7,0.42,0,35,40,34
12/23/2017,0,0,4515,3065,5444,0.6,48,23,27,18,15.21,0.13,0,38,40,34
12/24/2017,1,0,2309,1059,2389,0.7,49,27,33,22,15.66,0.25,1,33,35,28
12/25/2017,1,1,2554,1980,3127,0.5,50,27,32,20,8.05,0.1,0,30,33,28
12/26/2017,0,1,3503,3046,4444,0.1,49,24,31,19,5.82,0,0,30,35,23
12/27/2017,0,1,4464,2974,5285,0.2,47,33,34,30,7.61,0.05,0,33,37,31
12/28/2017,0,1,3654,2527,4078,2,46,33,40,31,9.4,0.66,0,37,53,37
12/29/2017,0,1,1004,460,1165,1.2,41,38,41,31,13.87,0.52,0,50,56,49
12/30/2017,0,0,4733,4619,6241,0.6,44,28,31,23,2.68,0,0,49,52,34
12/31/2017,1,0,5379,5100,7376,0,44,31,37,25,9.17,0,0,39,50,31
1/1/2018,1,1,2683,2430,3611,0,43,39,45,34,6.04,0,0,38,46,29
1/2/2018,0,0,1626,1074,1673,0,42,40,44,36,11.63,0,0,38,44,30
1/3/2018,0,0,1535,1690,2196,0,42,41,46,36,10.96,0,0,39,47,34
1/4/2018,0,0,712,714,962,0,41,39,46,34,9.62,0.05,0,42,45,39
1/5/2018,0,0,543,874,1109,0.3,39,37,40,32,13.87,0.22,0,41,53,39
1/6/2018,0,0,5940,4695,7154,0.1,39,29,33,25,2.91,0.06,0,46,50,38
1/7/2018,0,0,3910,2566,4433,0.1,39,34,38,26,5.59,0.12,0,42,45,39
1/8/2018,0,0,729,359,748,0,38,38,43,34,2.68,0.07,0,42,45,35
1/9/2018,0,0,491,312,514,1,43,32,39,26,3.8,0.51,0,43,49,41
1/10/2018,0,0,1409,1656,2486,0.4,43,29,34,25,6.71,0.04,0,44,48,42
1/11/2018,0,0,310,155,389,1.5,46,34,35,33,13.65,0.59,0,48,58,46
1/12/2018,0,0,1381,1473,2357,0.2,45,33,35,32,9.4,0.07,0,52,54,48
1/13/2018,0,0,6510,5738,8053,0,43,41,48,34,2.46,0,0,50,59,41
1/14/2018,0,0,6463,5203,7527,0,42,44,47,41,11.41,0,0,48,58,39
1/15/2018,1,1,2478,2354,3585,0.1,40,40,42,37,13.87,0.08,0,51,57,42
1/16/2018,0,0,549,299,566,0.1,40,34,39,32,10.29,0.04,0,48,57,42
1/17/2018,0,0,935,1069,1339,0.4,40,41,47,34,12.75,0.52,0,47,52,45
1/18/2018,0,0,977,1478,1923,0.6,46,29,34,25,9.62,0.17,0,48,52,41
1/19/2018,0,0,2372,2319,3603,0.2,47,27,29,26,12.3,0.03,0,44,49,40
1/20/2018,0,0,6607,5997,8719,0.4,50,27,29,24,11.18,0.01,0,45,50,43
1/21/2018,0,0,6216,4230,7193,0.5,52,29,32,27,10.29,0.2,0,46,51,42
1/22/2018,0,0,2270,1076,2342,0.6,56,28,31,27,7.61,0.11,0,45,50,40
1/23/2018,0,0,1427,649,1468,1.3,64,30,33,27,13.2,0.68,0,43,49,42
1/24/2018,0,0,3013,2461,4231,0.3,65,31,34,24,10.96,0.62,0,45,52,42
1/25/2018,0,0,1987,2082,3096,0.7,70,24,27,20,12.75,0.33,0,43,46,38
1/26/2018,0,0,4237,4090,6263,0.6,73,25,27,23,13.65,0.21,0,43,48,40
1/27/2018,0,0,5780,3643,7167,1.2,73,32,36,27,11.41,0.3,0,46,53,41
1/28/2018,0,0,3722,3116,4450,0.5,69,38,41,36,9.84,0,0,50,57,47
1/29/2018,0,0,1568,848,1596,0.5,70,40,47,29,9.84,0.32,0,49,53,46
1/30/2018,0,0,1245,642,1300,0.7,75,27,29,23,5.59,0.01,0,48,51,41
1/31/2018,0,0,2333,2386,3458,0.2,74,27,29,23,3.8,0,0,44,48,39
2/1/2018,0,0,1273,683,1612,0.9,70,33,41,26,3.58,0.1,0,44,51,41
2/2/2018,0,0,820,625,1235,0.9,65,39,42,34,5.82,0,0,51,59,46
2/3/2018,0,0,2459,2227,2949,0.2,63,38,40,34,3.13,0.02,0,52,58,46
2/4/2018,0,0,2386,871,2550,0.7,60,39,41,36,4.7,0,0,54,60,47
2/5/2018,0,0,707,353,733,0.1,60,33,36,31,2.01,0,0,51,58,43
2/6/2018,0,0,691,430,710,0,60,34,40,31,1.79,0,0,46,52,38
2/7/2018,0,0,1508,1775,2411,0,59,44,50,38,1.12,0,0,47,59,38
2/8/2018,0,0,546,654,985,0,58,39,43,33,4.7,0,0,47,55,39
2/9/2018,0,0,1076,1237,1755,0,58,27,33,25,2.91,0,0,47,51,39
2/10/2018,0,0,5057,4066,5976,0,57,28,35,20,3.8,0,0,43,50,35
2/11/2018,0,0,3875,2433,4377,0.1,57,27,35,24,4.92,0,0,42,49,36
2/12/2018,0,0,824,489,857,0,57,22,33,16,7.16,0,0,42,49,31
2/13/2018,0,0,892,515,921,0,57,37,47,29,1.79,0,0,37,51,26
2/14/2018,0,0,1242,1860,2307,1.6,71,26,30,23,4.92,0.28,0,42,48,34
2/15/2018,0,0,1907,1679,2738,0.1,71,25,28,23,3.8,0.08,0,42,50,38
2/16/2018,0,0,1866,1918,2956,0.9,75,28,32,25,11.41,0.08,0,45,51,41
2/17/2018,0,0,1349,123,1418,2,81,31,34,25,13.42,0.08,0,49,55,43
2/18/2018,0,0,6528,5597,8107,1,93,19,25,13,10.51,0.21,0.2,41,44,32
2/19/2018,1,1,6493,5136,7630,0,92,13,18,9,4.03,0,0,35,40,30
2/20/2018,0,0,2389,1331,2462,0.9,97,18,24,9,9.17,0.3,4.2,33,34,30
2/21/2018,0,0,4126,3396,5394,0,96,16,24,9,4.03,0.02,0.5,32,37,23
2/22/2018,0,0,2048,2085,2956,0,95,15,24,7,5.82,0.07,1.7,34,40,28
2/23/2018,0,0,2402,2292,3448,0,95,15,25,5,9.84,0,0,32,39,24
2/24/2018,0,0,5813,4290,6985,2,104,23,26,21,10.96,0.03,0,40,50,37
2/25/2018,0,0,4639,2599,5311,2.6,122,24,28,18,11.41,0.18,0,44,46,34
2/26/2018,0,0,4150,1671,4229,0,116,20,30,14,2.68,0,0,37,45,32
2/27/2018,0,0,1513,576,1533,0,115,24,29,14,8.28,0.02,0,39,46,34
2/28/2018,0,0,1246,1817,2357,0.7,117,29,33,26,10.96,0.39,0,43,46,41
3/1/2018,0,0,2289,1670,3041,0.5,118,27,34,23,7.61,0.04,0,43,50,38
3/2/2018,0,0,2814,2447,3778,0,116,24,30,18,9.4,0,0,42,51,36
3/3/2018,0,0,6099,5636,7880,0,115,24,33,20,3.8,0,0,42,52,35
3/4/2018,0,0,6040,4140,6957,0.1,114,25,30,20,5.59,0,0,42,51,33
3/5/2018,0,0,1533,852,1567,0.6,115,26,33,22,2.46,0.03,0,45,51,36
3/6/2018,0,0,1663,845,1687,0,113,29,38,22,3.36,0,0,41,58,30
3/7/2018,0,0,1054,1094,1576,0,111,36,40,32,5.59,0,0,45,55,34
3/8/2018,0,0,675,663,1026,1,115,33,36,31,14.09,0.14,0,50,57,43
3/9/2018,0,0,2499,2317,3438,0.1,114,29,33,24,3.58,0.01,0,49,55,37
3/10/2018,0,0,5037,4246,6257,0,113,33,38,25,6.49,0,0,44,63,33
3/11/2018,0,0,3973,2880,4574,0,111,39,43,35,6.04,0,0,54,68,42
3/12/2018,0,0,1505,768,1542,0,108,42,47,38,11.63,0,0,56,69,41
3/13/2018,0,0,487,157,502,0.3,108,37,46,31,8.5,0.38,0,58,61,46
3/14/2018,0,0,1259,721,1298,0.3,109,28,33,24,6.04,0.01,0,49,55,41
3/15/2018,0,0,1407,763,1484,0.2,108,28,35,22,6.71,0.22,0,44,56,37
3/16/2018,0,0,2194,1947,2828,0.2,109,29,36,24,3.13,0.01,0,46,55,39
3/17/2018,0,0,4645,3571,5527,0.8,115,28,31,25,2.91,0.22,0,47,51,41
3/18/2018,0,0,4097,2777,4567,0.1,114,27,34,24,5.14,0,0,46,54,41
3/19/2018,0,0,1179,632,1204,0,112,30,39,23,4.7,0,0,44,58,35
3/20/2018,0,0,1194,631,1229,0,110,34,44,26,3.13,0,0,46,62,33
3/21/2018,0,0,519,238,539,0.2,111,35,38,33,4.92,0.21,0,48,54,38
3/22/2018,0,0,748,430,770,0.4,111,28,36,22,11.41,0.34,0,49,50,39
3/23/2018,0,0,2080,1118,2150,0.3,116,25,26,23,9.17,0.56,0,42,46,37
3/24/2018,0,0,4664,2497,4787,0.9,119,24,29,20,6.49,0.15,0,40,45,36
3/25/2018,0,0,5178,2880,5324,0.2,119,25,31,23,2.68,0.1,0,43,54,40
3/26/2018,0,1,2228,1432,2288,0.1,119,28,32,21,7.38,0.03,0,46,50,39
3/27/2018,0,1,1557,762,1582,0.3,117,33,35,30,6.93,0.05,0,49,57,47
3/28/2018,0,1,1806,1124,1868,0,115,32,38,29,4.7,0,0,51,58,43
3/29/2018,0,1,2510,1217,2553,0,113,36,45,29,4.7,0,0,48,61,37
3/30/2018,0,1,2527,1144,2574,0,112,35,40,30,2.91,0,0,52,58,44
3/31/2018,0,0,2953,1764,3022,0,111,36,44,30,4.03,0,0,51,64,44
4/1/2018,0,0,1451,454,1490,0.7,117,29,33,20,7.38,0.27,0,49,50,37
4/2/2018,0,0,1561,867,1607,0.6,120,23,30,19,4.7,0,0,43,52,37
4/3/2018,0,0,1557,732,1594,0,119,28,35,19,2.46,0,0,43,53,34
4/4/2018,0,0,609,253,620,0,116,35,41,30,6.26,0.02,0,50,60,46
4/5/2018,0,0,195,80,202,0.8,113,38,40,36,7.16,0.38,0,52,55,49
4/6/2018,0,0,325,208,355,0.1,110,42,47,38,9.4,0.04,0,55,69,52
4/7/2018,0,0,456,331,496,1.1,112,35,45,30,15.43,1.14,0,59,61,49
4/8/2018,0,0,2377,902,2432,1.4,124,31,33,28,12.08,0.36,0,50,56,47
4/9/2018,0,0,2002,557,2035,0,120,37,48,26,4.92,0,0,51,66,42
4/10/2018,0,0,272,103,289,0.4,115,38,46,28,11.18,0.14,0,59,63,50
4/11/2018,0,0,358,185,370,0.4,118,31,35,26,10.74,0.15,0,53,57,44
4/12/2018,0,0,1205,454,1224,1.3,129,26,28,24,12.53,0.12,0,45,51,42
4/13/2018,0,1,2108,506,2141,1.1,132,32,34,27,14.09,0.02,0,50,58,47
4/14/2018,0,0,2863,1596,2905,0.1,129,33,36,32,12.53,0.17,0,54,62,50
4/15/2018,0,0,2569,1128,2623,0.4,129,33,38,27,6.93,0.34,0,51,51,43
4/16/2018,0,0,678,336,700,1.1,139,27,30,25,14.76,0.09,0,46,52,42
4/17/2018,0,0,1013,349,1023,0.7,140,27,31,24,8.05,0,0,48,57,44
4/18/2018,0,0,876,403,903,0,136,31,37,24,4.92,0,0,50,64,43
4/19/2018,0,0,952,332,973,0,134,35,43,31,4.7,0,0,53,68,39
4/20/2018,0,0,1264,394,1295,0,131,38,48,31,3.8,0,0,55,68,41
4/21/2018,0,0,1945,1136,1987,0.2,129,33,41,28,7.61,0,0,56,63,47
4/22/2018,0,0,3224,1409,3266,0,128,36,46,27,6.71,0,0,52,65,42
4/27/2018,0,0,394,159,412,0,110,44,61,32,7.61,0.03,0,60,58,50
4/28/2018,0,0,1997,968,2070,0.1,109,34,41,31,4.03,0.02,0,53,62,49
4/29/2018,0,0,1463,556,1494,0.3,110,33,38,30,4.92,0.03,0,54,60,48
5/4/2018,0,0,705,188,718,0,100,49,56,42,5.37,0,0,59,70,52
5/5/2018,0,0,1283,392,1303,0,97,52,61,45,5.82,0,0,61,75,53
5/6/2018,0,0,738,219,749,0,95,47,54,40,6.26,0.01,0,65,73,53
5/12/2018,0,0,2337,638,2381,0,82,49,59,39,5.82,0,0,60,80,52
5/13/2018,0,0,248,0,248,0,76,56,62,46,4.03,0,0,69,90,52
11/24/2018,0,0,1008,748,1093,0.5,17,28,34,25,3.8,0,0,43,47,36
11/25/2018,0,0,1223,579,1270,0,15,32,38,25,6.49,0,0,42,50,36
11/30/2018,0,0,870,332,920,0.6,18,29,31,26,8.5,0.42,0,47,51,43
12/1/2018,0,0,3036,1558,3116,0.2,19,26,30,25,3.8,0.05,0,44,47,42
12/2/2018,0,0,3202,1458,3282,0,18,25,30,20,5.82,0,0,44,49,37
12/3/2018,0,0,887,358,908,0,18,24,28,21,8.72,0,0,39,48,32
12/4/2018,0,0,697,398,720,0,16,24,28,22,18.79,0,0,44,48,40
12/5/2018,0,0,652,236,676,0,16,25,29,17,19.01,0,0,40,45,32
12/6/2018,0,0,724,321,746,0,16,24,29,17,21.25,0,0,40,44,34
12/7/2018,0,0,818,399,845,0.1,16,25,34,15,13.65,0,0,38,43,33
12/8/2018,0,0,3017,1470,3110,0.2,17,33,37,30,14.32,0.02,0,39,43,36
12/9/2018,0,0,2940,1396,3019,0.3,17,32,39,28,14.54,0.55,0,40,42,37
12/10/2018,0,0,1170,496,1213,0.5,21,30,33,27,6.93,0,0,39,44,37
12/11/2018,0,0,424,65,438,1.7,26,33,38,27,12.53,0.59,0,44,53,42
12/12/2018,0,0,1713,765,1755,0.7,28,28,29,26,7.16,0.07,0,47,51,41
12/13/2018,0,0,1263,514,1293,0.1,28,30,34,27,11.18,0,0,48,56,43
12/14/2018,0,0,1287,1274,1944,0.1,28,34,42,25,11.63,0,0,47,56,39
12/15/2018,0,0,4789,3629,5817,0.1,28,28,36,24,9.4,0.05,0,45,52,41
12/16/2018,0,0,1674,1124,2019,0.2,27,36,38,33,11.63,0.38,0,47,52,45
12/17/2018,0,1,1036,632,1081,1,31,32,33,31,10.51,0.45,0,48,52,44
12/18/2018,0,1,407,142,426,2.2,35,34,39,31,11.41,0.8,0,52,59,46
12/19/2018,0,1,1758,1388,2257,0.2,35,33,38,31,7.83,0,0,51,55,48
12/20/2018,0,1,750,601,1084,0.6,37,34,40,25,11.41,0.11,0,52,56,40
12/21/2018,0,1,2605,1954,3274,0.1,36,24,25,23,5.14,0,0,42,47,35
12/22/2018,0,0,3154,2554,4124,0.5,40,28,32,23,12.3,0.42,0,41,45,38
12/23/2018,0,0,4236,2780,5263,2,55,31,32,30,7.16,0.45,0,44,51,41
12/24/2018,1,1,3823,1597,3944,0.6,55,31,32,28,4.7,0.08,0,45,47,38
12/25/2018,1,1,3344,2639,4124,0,53,26,31,22,2.68,0,0,40,44,32
12/26/2018,0,1,2450,2797,3885,1,61,26,30,22,5.59,0.3,0,42,46,38
12/27/2018,0,1,5192,5042,6957,0.5,61,25,29,22,2.01,0,0,44,50,39
12/28/2018,0,1,4949,4245,6315,0.2,59,30,33,26,7.38,0.29,0,44,48,43
12/29/2018,0,0,1730,539,2120,1.6,57,34,36,33,16.11,0.43,0,48,53,46
12/30/2018,0,0,4228,3930,5426,1.2,65,26,33,20,6.49,0.04,0,48,50,34
12/31/2018,1,1,4776,5014,7164,0.1,63,21,27,18,2.91,0,0,39,45,31
1/1/2019,1,1,3624,2273,3820,0.1,62,29,35,19,2.91,0,0,35,42,29
1/2/2019,0,0,2344,2325,3216,0,60,34,38,30,4.92,0,0,35,45,30
1/3/2019,0,0,1362,1348,1817,0,59,36,38,34,12.08,0.06,0,47,55,43
1/4/2019,0,0,2786,2635,4024,0.4,60,33,37,31,8.05,0.03,0,50,53,42
1/5/2019,0,0,5619,4611,7167,0.1,60,33,35,29,6.04,0.05,0,44,52,36
1/6/2019,0,0,5751,4190,6874,0.6,66,25,29,23,10.07,0.25,0,45,48,39
1/7/2019,0,0,2669,1207,2705,0.4,67,24,28,22,4.03,0,0,41,48,37
1/8/2019,0,0,1373,658,1403,0.4,67,32,35,28,14.99,0.2,0,43,48,40
1/9/2019,0,0,1381,1941,2526,0.1,65,35,39,33,15.21,0.19,0,44,45,42
1/10/2019,0,0,1114,1414,1867,0,65,35,37,33,8.05,0,0,44,50,40
1/11/2019,0,0,2107,2256,3377,0,64,35,38,35,10.51,0,0,44,50,38
1/12/2019,0,0,5672,5586,7392,0,64,35,39,32,10.29,0,0,44,54,32
1/13/2019,0,0,5593,4189,6458,0,63,42,46,35,14.32,0,0,45,52,33
1/14/2019,0,0,1389,721,1434,0,62,36,43,27,17,0,0,44,47,37
1/15/2019,0,0,1036,605,1082,0,62,28,30,26,15.43,0,0,40,44,37
1/16/2019,0,0,1295,1803,2284,0.4,63,30,34,27,14.32,0.15,0,40,46,34
1/17/2019,0,0,1819,1714,2776,0.1,64,32,34,29,16.11,0.01,0,43,54,40
1/18/2019,0,0,2173,1959,3105,1.6,66,31,40,28,12.97,1.11,0,47,47,42
1/19/2019,0,0,2986,3039,4208,0.8,65,34,41,29,4.92,0.02,0,45,51,41
1/20/2019,0,0,5910,5063,7434,0.4,67,28,32,22,3.8,0.42,0,44,45,41
1/21/2019,1,1,4975,4791,7022,0,67,24,27,22,4.92,0,0,42,50,37
1/22/2019,0,1,1384,733,1426,0.9,69,30,35,24,10.96,0.28,0,43,50,40
1/23/2019,0,0,390,602,856,0.6,69,34,36,30,10.51,0.02,0,51,57,44
1/24/2019,0,0,1480,1523,2203,0,68,34,41,27,2.24,0,0,48,51,40
1/25/2019,0,0,2053,2310,3174,0,67,41,48,36,2.01,0,0,43,49,36
1/26/2019,0,0,5045,4350,6254,0,66,47,55,41,2.24,0,0,39,43,33
1/27/2019,0,0,4464,3075,5010,0,66,47,52,39,2.91,0,0,39,42,36
1/28/2019,0,0,1613,965,1635,0,65,35,40,30,10.29,0,0,42,53,35
1/29/2019,0,0,946,546,982,0,65,36,41,29,11.41,0,0,45,52,34
1/30/2019,0,0,1480,1759,2327,0,64,43,51,38,4.03,0,0,41,50,31
1/31/2019,0,0,1182,1174,1757,0,64,45,52,40,6.49,0,0,40,52,31
2/1/2019,0,0,1067,1194,1808,0.2,64,37,43,34,12.08,0.08,0,42,45,40
2/2/2019,0,0,4365,4062,5657,0.1,64,35,39,32,7.61,0.01,0,43,50,41
2/3/2019,0,0,4367,2286,4853,0.4,65,26,34,23,7.38,0.12,0,45,47,38
2/4/2019,0,0,1855,1020,1915,0.3,69,21,24,18,8.5,0.04,0.6,38,38,30
2/5/2019,0,0,1924,1098,1992,0.1,71,17,19,14,3.36,0.06,0.6,31,37,25
2/6/2019,0,0,1825,2171,2806,0,69,14,20,10,4.25,0,0,31,39,23
2/7/2019,0,0,1181,1302,1812,0.2,69,19,25,13,5.82,0,0,31,39,23
2/8/2019,0,0,1361,1692,2267,0.3,71,22,24,18,8.72,0.16,0,31,37,27
2/9/2019,0,0,4879,3817,6260,0.3,74,18,22,8,19.91,0.32,4.9,33,36,29
2/10/2019,0,0,5759,2829,6473,0.5,78,15,25,7,13.87,0.14,0,32,38,25
2/11/2019,0,0,2355,1124,2403,1.7,91,27,29,24,12.3,0.65,0,39,46,37
2/12/2019,0,0,3109,1466,3168,0.8,97,28,31,27,11.18,0.77,0,44,49,37
2/13/2019,0,0,3780,2713,4840,0.4,96,30,34,27,4.92,0.03,0,39,45,37
2/14/2019,0,0,1571,1381,2127,0.5,97,30,34,25,15.21,0.31,0,40,43,36
2/15/2019,0,0,2594,2481,3643,0.4,96,26,31,24,10.96,0.15,0,40,49,37
2/16/2019,0,0,5777,5151,7308,0.7,102,24,28,21,6.26,0.12,0,40,44,36
2/17/2019,0,0,6228,5387,7709,0.1,100,22,28,15,3.36,0,0,39,44,32
2/18/2019,1,1,4045,3558,5518,0,98,21,24,18,2.01,0,0,36,44,28
2/19/2019,0,0,1057,441,1087,1.2,109,24,27,21,7.38,0.23,0,41,45,38
2/20/2019,0,0,2184,2040,3200,0.9,113,24,34,19,5.82,0.06,0,42,47,34
2/21/2019,0,0,2552,2024,3326,0.1,109,17,26,12,4.7,0,0,37,49,30
2/22/2019,0,0,1715,1814,2749,1.1,119,21,26,13,8.72,0.25,0,38,46,31
2/23/2019,0,0,5206,4911,7049,0.5,118,25,27,21,6.49,0.21,0,41,45,38
2/24/2019,0,0,5180,3954,6410,1,122,25,28,19,8.28,0.37,0,38,41,35
2/25/2019,0,0,1993,1027,2035,0.2,120,17,21,15,12.53,0.01,0.3,37,38,32
2/26/2019,0,0,1731,739,1761,0,115,14,20,10,18.12,0,0.1,34,40,27
2/27/2019,0,0,1256,1538,2052,0,113,21,29,15,17,0,0,33,36,29
2/28/2019,0,0,1455,1312,2047,0.1,113,21,28,13,9.4,0.01,0,35,45,28
3/1/2019,0,0,2194,2051,3132,0,112,26,33,21,8.5,0.02,0,38,49,31
3/2/2019,0,0,5366,4963,7124,0,110,24,30,17,12.3,0,0,36,47,26
3/3/2019,0,0,4873,3843,5979,0,108,16,19,11,22.15,0,0,36,42,29
3/4/2019,0,0,1154,644,1203,0,108,16,23,9,19.69,0,0,33,43,29
3/5/2019,0,0,832,450,856,0,106,26,34,20,9.4,0,0,33,44,24
3/6/2019,0,0,1299,1333,1987,0,108,27,32,20,5.14,0.16,0.5,34,37,30
3/7/2019,0,0,1690,1556,2279,0.6,112,22,26,20,9.62,0.04,0,38,47,35
3/8/2019,0,0,2930,2389,3821,0.6,117,22,27,18,5.14,0.07,0,38,43,31
3/9/2019,0,0,5595,4895,7089,0.1,116,21,30,14,6.93,0,0,38,50,32
3/10/2019,0,0,5139,3984,6074,0,113,25,31,18,7.61,0,0,38,52,26
3/11/2019,0,0,1678,920,1716,0,111,32,40,23,9.62,0.2,0,40,57,29
3/12/2019,0,0,1078,463,1120,1.7,122,26,31,24,7.16,0.37,0,45,50,40
3/13/2019,0,0,2326,1072,2396,0.1,124,26,32,21,4.25,0,0,45,56,37
3/14/2019,0,0,1880,944,1981,0,121,30,40,22,5.37,0,0,44,57,36
3/15/2019,0,0,2556,1978,3190,0,119,38,47,30,5.82,0,0,48,63,38
3/16/2019,0,0,5216,3939,6204,0,116,41,50,34,4.7,0,0,49,62,37
3/17/2019,0,0,5389,3462,5919,0,114,43,49,37,6.26,0,0,49,69,35
3/18/2019,0,0,1306,695,1346,0,112,42,45,39,14.99,0,0,58,68,47
3/19/2019,0,0,1045,555,1072,0,110,44,49,39,11.63,0,0,58,70,44
3/20/2019,0,0,1096,577,1147,0,108,44,47,42,11.86,0,0,59,72,46
3/21/2019,0,0,810,388,826,0,106,37,45,33,3.58,0,0,55,59,47
3/22/2019,0,0,1225,480,1261,0,105,36,45,33,6.26,0.04,0,50,56,40
3/23/2019,0,0,3212,2028,3342,0.1,105,33,41,30,4.92,0.02,0,51,61,44
3/24/2019,0,0,4823,2992,4962,0,104,35,42,30,1.79,0,0,52,63,44
3/25/2019,0,1,1964,1152,2025,0.2,104,35,41,29,6.26,0.33,0,50,54,41
3/26/2019,0,1,2691,1791,2753,0,103,33,42,24,4.7,0,0,49,60,41
3/27/2019,0,1,1832,1148,1908,0.2,104,33,37,26,8.05,0.22,0,49,56,39
3/28/2019,0,1,1947,1004,2002,0,102,34,43,27,4.92,0.07,0,45,63,35
3/29/2019,0,1,2522,1388,2615,0.1,102,34,39,30,3.36,0,0,51,64,44
3/30/2019,0,0,4079,2463,4201,0,102,36,45,29,4.03,0,0,53,69,41
3/31/2019,0,0,2724,1331,2792,0,100,41,49,33,2.91,0,0,55,71,41
4/1/2019,0,0,494,289,508,0,98,40,43,37,5.14,0,0,58,69,48
4/2/2019,0,0,398,168,412,0.2,96,39,42,37,2.91,0.04,0,59,61,52
4/3/2019,0,0,319,105,329,0.4,94,35,38,29,7.16,0.03,0,56,62,45
4/4/2019,0,0,420,173,435,0.5,94,36,42,31,4.25,0.12,0,52,61,46
4/5/2019,0,0,775,350,803,0.4,94,33,38,29,12.08,0.31,0,53,59,45
4/6/2019,0,0,2264,1055,2333,0.7,100,32,34,29,10.96,0.78,0,51,59,45
4/7/2019,0,0,407,127,433,2.6,99,36,39,33,7.83,0.47,0,53,57,48
4/8/2019,0,1,156,64,166,1.8,97,37,40,32,9.84,0.32,0,50,60,48
4/10/2019,0,0,707,179,717,1.8,112,31,33,28,8.05,0.11,0,50,54,47
4/11/2019,0,0,941,294,959,1.8,118,33,35,31,9.84,0.19,0,51,55,49
4/12/2019,0,0,2056,744,2102,0,116,33,36,31,3.36,0,0,52,59,45
4/13/2019,0,0,2765,1055,2813,0.3,117,32,35,27,7.16,0.12,0,51,53,44
4/14/2019,0,0,2972,1409,3019,0.4,118,27,32,25,4.03,0.04,0,47,52,40
4/15/2019,0,0,912,439,932,0.1,118,30,36,23,5.37,0.11,0,47,54,40
4/16/2019,0,0,791,221,803,0.2,115,34,39,30,6.26,0.03,0,50,61,46
4/17/2019,0,0,631,173,647,0,112,37,46,32,4.03,0,0,55,67,50
4/18/2019,0,0,968,245,986,0,109,49,58,39,3.58,0,0,58,76,47
4/19/2019,0,0,559,183,580,0,106,45,54,37,7.61,0.18,0,61,63,53
4/20/2019,0,0,2587,1202,2640,0.1,104,37,42,34,8.95,0,0,55,66,49
4/21/2019,0,0,2501,986,2551,0,102,38,45,31,2.68,0,0,54,64,45
4/26/2019,0,0,906,337,934,0,94,39,46,33,7.61,0,0,60,69,50
4/27/2019,0,0,1520,414,1562,0.1,95,29,35,24,9.17,0.01,0,53,59,45
4/28/2019,0,0,2727,1189,2800,0,94,33,43,20,5.14,0,0,50,67,38
5/3/2019,0,0,904,237,919,0,88,44,52,36,6.93,0,0,55,69,45
5/4/2019,0,0,3421,1190,3520,0,86,47,55,42,4.03,0,0,58,74,48
5/5/2019,0,0,295,1,296,0,84,47,54,41,6.71,0,0,62,76,51
11/29/2019,0,0,1272,736,1352,0.1,12,22,27,17,5.82,0,0,37,45,26
11/30/2019,0,0,1482,731,1562,0,12,23,26,19,12.53,0,0,35,45,26
12/1/2019,0,0,1330,675,1411,0.3,11,28,34,23,12.3,0.12,0,40,43,35
12/6/2019,0,0,741,279,780,0.2,10,35,40,31,6.93,0.25,0,44,50,38
12/7/2019,0,0,2121,948,2188,0.3,9,36,38,34,4.92,0.46,0,45,46,43
12/8/2019,0,0,2391,1015,2507,0.1,9,33,36,29,2.01,0,0,47,53,45
12/9/2019,0,0,550,227,575,0,9,32,36,28,4.25,0,0,47,49,38
12/10/2019,0,0,368,169,395,0.5,12,35,39,32,8.5,0.32,0,42,45,38
12/11/2019,0,0,430,221,451,0.8,15,34,35,33,10.51,0.29,0,43,47,42
12/12/2019,0,0,722,289,765,1,21,32,35,30,7.38,0.31,0,48,54,45
12/13/2019,0,0,2293,864,2368,0.2,23,29,31,26,2.24,0,0,47,49,40
12/14/2019,0,0,4609,2630,4775,0.4,24,26,29,22,4.03,0.03,0,44,47,40
12/15/2019,0,0,4244,2239,4387,0,24,23,27,20,2.46,0,0,42,44,37
12/16/2019,0,0,1385,645,1422,0.1,23,29,34,21,6.26,0,0,40,48,36
12/17/2019,0,0,1008,503,1040,0,22,30,36,24,8.72,0,0,39,42,35
12/18/2019,0,0,969,951,1387,0.2,24,30,36,26,10.07,0.18,0,38,43,32
12/19/2019,0,0,1616,579,1790,1.1,25,34,39,30,13.87,0.64,0,39,57,38
12/20/2019,0,0,399,395,638,0.1,22,38,40,37,11.41,0.4,0,56,59,50
12/21/2019,0,0,2025,1603,2718,0.2,22,35,40,29,4.47,0.88,0,50,51,43
12/22/2019,0,0,3145,2144,3805,0.1,23,33,36,30,3.58,0.17,0,44,46,42
12/23/2019,0,1,2809,1538,2911,0.2,24,26,30,20,4.25,0.09,0,44,48,35
12/24/2019,1,1,2422,1067,2510,0,24,23,27,20,6.93,0,0,37,40,32
12/25/2019,1,1,2466,2006,3029,0,24,25,29,19,4.92,0.02,0,40,44,31
12/26/2019,0,1,2629,2719,3690,0.1,24,23,29,17,5.82,0,0,36,46,27
12/27/2019,0,1,3894,3465,4939,0.2,26,27,29,25,4.47,0.01,0,39,45,37
12/28/2019,0,0,4243,3800,5611,0,25,34,39,27,7.61,0,0,43,48,40
12/29/2019,0,0,4386,3358,5245,0,25,36,40,33,8.5,0,0,43,48,40
12/30/2019,0,1,4221,2386,4427,0,24,33,39,29,5.59,0,0,42,48,40
12/31/2019,1,1,839,972,1451,2.1,23,36,38,34,10.74,0.22,0,45,51,40
1/1/2020,1,1,1045,1380,1814,2,29,33,38,29,7.38,0.15,0,51,56,47
1/2/2020,0,1,3233,2647,4172,0.4,29,31,34,28,7.38,0.04,0,47,53,43
1/3/2020,0,1,2927,2806,3786,0.2,29,32,34,30,11.41,0.12,0,50,62,44
1/4/2020,0,0,5686,5150,7990,0.5,34,26,32,24,9.84,0.16,0,47,49,41
1/5/2020,0,0,5036,3019,5956,0.8,41,27,29,25,10.51,0.26,0,45,49,42
1/6/2020,0,0,1747,398,1793,1.3,45,32,34,27,18.12,0.22,0,46,52,45
1/7/2020,0,0,782,250,806,0.5,46,33,34,30,15.43,0.11,0,52,58,47
1/8/2020,0,0,1589,1619,2592,1.2,53,26,30,22,4.7,0.32,0,47,48,36
1/9/2020,0,0,2106,1642,3094,0.2,51,22,25,18,4.47,0,0,40,42,36
1/10/2020,0,0,1765,2175,3100,1.3,60,27,31,21,12.97,0.41,0,42,48,40
1/11/2020,0,0,4834,17,4861,2,75,26,29,24,11.41,0.19,0,46,47,42
1/12/2020,0,0,3421,1691,4194,2,86,25,28,20,13.42,0.26,0,44,47,39
1/13/2020,0,0,2240,959,2313,1.2,90,23,26,20,6.93,0.18,0,40,40,36
1/14/2020,0,0,2211,962,2263,1.2,98,18,21,13,6.49,0.04,0,38,41,32
1/15/2020,0,0,2498,2382,3763,0.2,95,21,27,12,16.33,0.23,0,35,42,33
1/16/2020,0,0,2274,2144,3365,0.1,93,24,28,17,6.93,0.26,0,36,43,32
1/17/2020,0,0,2559,2492,3874,0.3,94,23,27,17,9.62,0.19,0,36,43,30
1/18/2020,0,0,6399,4822,8580,0.6,94,31,34,27,14.99,0.45,0,39,42,37
1/19/2020,0,0,6745,5741,8389,0,90,35,39,33,13.2,0,0,44,52,42
1/20/2020,1,1,3893,3876,5983,0,87,36,40,33,10.51,0,0,45,47,43
1/21/2020,0,0,1198,534,1223,0.4,90,30,36,28,12.08,0.22,0,46,52,42
1/22/2020,0,0,2119,1205,2615,0.9,90,33,38,28,10.51,0.09,0,46,47,45
1/23/2020,0,0,238,355,522,0.9,87,38,39,34,11.63,0.92,0,46,55,45
1/24/2020,0,0,1227,1715,2255,0.3,86,33,36,32,9.84,0.16,0,51,56,46
1/25/2020,0,0,3950,3948,5357,0.5,86,35,39,30,10.51,0.19,0,51,58,47
1/26/2020,0,0,4764,3210,5566,0.6,87,32,38,30,10.29,0.5,0,51,56,45
1/27/2020,0,1,2654,1347,2697,0.9,92,31,34,28,11.18,0.89,0,47,53,42
1/28/2020,0,0,1613,640,1673,0.8,98,32,34,31,10.51,0.38,0,49,53,48
1/29/2020,0,0,1386,1429,2310,1,99,32,34,27,7.16,0.45,0,48,49,46
1/30/2020,0,0,928,1126,1614,0.4,95,33,41,25,8.28,0.19,0,46,53,41
1/31/2020,0,0,643,903,1259,0.3,89,40,41,37,11.63,0,0,54,62,50
2/1/2020,0,0,2040,1743,3069,1,91,33,40,22,11.41,0.25,0,56,58,40
2/2/2020,0,0,6413,4243,7269,0.2,90,20,26,14,1.34,0,0,40,45,30
2/3/2020,0,0,2311,1247,2387,0.1,90,19,22,14,2.46,0.02,0,37,46,30
2/4/2020,0,0,1190,524,1213,0.2,92,22,29,16,6.49,0,0,35,43,28
2/5/2020,0,0,300,208,433,1.7,93,34,36,29,5.59,0.15,0,44,52,42
2/6/2020,0,0,125,0,130,1.8,90,36,38,35,9.62,0.02,0,52,59,50
2/7/2020,0,0,618,1106,1476,1,91,33,36,27,13.42,0.05,0,53,56,44
2/8/2020,0,0,4308,4541,6280,0.9,96,26,27,21,6.49,0.09,0,47,47,40
2/9/2020,0,0,7120,5375,8420,0.1,95,26,33,21,3.13,0,0,41,47,37
2/10/2020,0,0,2253,1114,2314,0,94,29,34,24,4.47,0,0,42,52,37
2/11/2020,0,0,659,0,663,0,93,31,34,28,4.25,0,0,40,44,33
2/12/2020,0,0,1743,2013,2689,0,93,31,37,24,2.91,0,0,44,52,34
2/13/2020,0,0,1060,1166,1777,0.4,95,33,40,25,4.25,0.14,0,40,44,31
2/14/2020,0,0,2124,2039,3080,0.6,97,26,27,25,3.58,0,0,43,51,39
2/15/2020,0,0,4545,4028,6012,0.4,108,29,31,26,7.16,0.51,0,45,47,43
2/16/2020,0,0,6564,4829,7860,1.7,115,26,29,24,4.03,0.06,0,44,52,36
2/17/2020,1,1,5054,4765,6789,1,117,23,29,17,2.68,0,0,44,51,35
2/18/2020,0,0,2732,1486,2770,0,115,22,27,15,7.38,0,0,40,53,32
2/19/2020,0,0,2160,2173,3055,0,113,28,33,24,13.42,0,0,44,55,32
2/20/2020,0,0,1456,1559,2213,0,111,31,42,26,8.5,0,0,46,54,34
2/21/2020,0,0,2081,2166,3154,0,110,37,44,33,2.91,0,0,42,58,30
2/22/2020,0,0,5559,4935,6936,0,109,35,41,30,3.8,0,0,44,56,32
2/23/2020,0,0,3397,1773,3894,0.8,114,27,34,23,14.54,0.08,0,48,52,42
2/24/2020,0,0,1916,923,1944,0.2,113,25,28,21,2.91,0,0,44,49,36
2/25/2020,0,0,1494,698,1535,0,112,34,43,26,2.24,0,0,41,55,33
2/26/2020,0,0,1300,1690,2177,0,111,36,41,32,2.01,0.01,0,48,57,39
2/27/2020,0,0,1528,1392,2164,0,110,42,51,34,1.57,0,0,44,62,34
2/28/2020,0,0,1874,1818,2630,0.1,110,39,47,26,6.26,0.03,0,47,59,35
2/29/2020,0,0,4062,3916,5519,1,120,24,27,19,6.04,0.14,0,46,48,37
3/1/2020,0,0,5735,3913,6616,0,118,22,31,14,2.46,0.01,0,40,48,34
3/2/2020,0,0,805,321,826,0.1,116,31,34,23,6.93,0,0,44,50,41
3/3/2020,0,0,608,328,635,0.5,113,33,35,31,8.05,0,0,51,60,48
3/4/2020,0,0,1059,1092,1547,0,112,32,36,28,3.36,0,0,51,56,40
3/5/2020,0,0,1201,1082,1652,0,112,36,45,33,6.71,0,0,47,59,36
3/6/2020,0,0,1240,1182,1783,0.1,111,33,38,28,5.82,0.33,0,49,50,42
3/7/2020,0,0,3923,3200,5233,0.2,112,26,29,23,4.47,0.04,0,43,49,38
3/8/2020,0,0,4806,3718,5696,0,112,26,37,19,4.25,0,0,42,51,34
3/9/2020,0,0,1462,742,1514,0,110,30,40,23,1.57,0,0,40,57,31
3/10/2020,0,0,1238,740,1285,0,109,36,44,28,2.68,0,0,44,62,32
3/11/2020,0,0,1114,635,1160,0,109,30,38,25,6.71,0,0,48,57,38
3/12/2020,0,0,1457,944,1534,0,109,30,40,23,4.25,0,0,44,56,32
3/13/2020,0,0,1336,1260,1866,0.3,111,29,33,23,3.8,0.12,0,42,42,37
3/14/2020,0,0,5199,3980,6355,0.1,113,23,27,18,15.43,0.74,0.5,38,42,32
3/15/2020,0,0,3997,2109,4156,0,110,23,29,18,22.37,0,0,38,46,34
11/30/2020,0,0,2274,535,2383,0.6,44,29,38,25,6.71,0.36,0,44,52,32
12/1/2020,0,0,2257,933,2328,0,42,29,40,22,9.4,0,0,38,51,31
12/2/2020,0,0,2208,1056,2283,0,40,37,41,32,19.46,0,0,49,54,44
12/3/2020,0,0,1457,692,1561,0,39,37,47,31,7.83,0,0,45,48,35
12/4/2020,0,0,2542,1420,2746,0,38,44,48,38,6.04,0,0,40,52,31
12/5/2020,0,0,3945,2321,4164,0.1,38,38,43,33,15.43,0,0,43,46,39
12/6/2020,0,0,3591,1531,3760,0.3,40,34,36,32,6.04,0.05,0,40,45,37
12/7/2020,0,0,1545,747,1621,0,39,44,51,35,8.95,0,0,42,49,35
12/8/2020,0,0,640,350,699,0,37,46,53,38,7.16,0.32,0,43,51,38
12/9/2020,0,0,1978,1067,2059,0.5,37,31,33,24,1.79,0,0,48,54,40
12/10/2020,0,0,1535,781,1631,0.3,40,27,31,24,6.49,0.09,0,43,45,38
12/11/2020,0,0,3040,1673,3287,0.9,49,26,27,24,6.93,0.44,0,42,44,38
12/12/2020,0,0,4855,3033,5188,0.1,47,24,29,18,11.18,0.02,0,40,47,35
12/13/2020,0,0,4218,2156,4414,0.7,50,30,34,25,11.18,0.29,0,42,42,39
12/14/2020,0,0,3310,1625,3416,0.5,51,28,30,26,6.93,0,0,43,49,41
12/15/2020,0,0,1121,300,1168,0.7,52,32,34,27,10.96,0.13,0,46,51,42
12/16/2020,0,0,2505,1962,3239,0.5,54,32,34,29,10.96,0.39,0,49,52,45
12/17/2020,0,0,1930,1186,2688,0.8,60,29,32,26,7.38,0.01,0,48,51,43
12/18/2020,0,0,3524,2776,4679,0.8,61,31,34,28,11.18,0.11,0,47,53,45
12/19/2020,0,0,3173,2439,4176,1.3,56,35,40,33,11.41,0.4,0,51,55,49
12/20/2020,0,0,698,615,1119,2.4,54,38,42,34,3.8,1.43,0,53,57,48
12/21/2020,0,1,1235,731,1285,0.9,55,37,43,24,13.87,0.33,0,53,62,43
12/22/2020,0,1,3331,2184,3537,0.6,57,24,26,20,6.71,0.06,0,46,49,33
12/23/2020,0,1,4869,4638,6836,0.1,56,28,39,20,4.25,0,0,39,47,31
12/24/2020,1,1,3151,1465,3256,0,56,37,44,28,9.62,0,0,39,46,29
12/25/2020,1,1,2301,2032,3357,0.6,58,32,40,27,11.86,0.54,0,40,41,37
12/26/2020,0,0,2265,2483,3625,0.5,62,29,33,26,10.51,0.03,0,43,52,38
12/27/2020,0,0,3940,3719,5768,0,61,29,32,25,8.95,0.01,0,46,50,40
12/28/2020,0,1,3639,2315,4046,0,60,33,40,28,4.47,0,0,39,46,29
12/29/2020,0,1,3262,2842,4567,0,59,33,36,29,3.36,0.03,0,34,41,27
12/30/2020,0,1,2599,3213,4635,1.2,68,31,33,29,11.63,0.39,0,41,49,39
12/31/2020,1,1,3558,3110,5350,0.9,69,31,32,30,12.3,0.02,0,48,54,47
1/1/2021,1,1,2350,2146,3482,0.7,70,34,39,31,12.53,0.23,0,48,51,46
1/2/2021,0,0,2476,2574,3884,0.7,78,33,33,32,14.54,0.76,0,50,52,48
1/3/2021,0,0,4001,3814,5732,1.2,81,32,34,28,11.41,0.3,0,50,54,43
1/4/2021,0,0,1211,559,1292,1.1,86,32,36,27,13.42,0.6,0,49,53,45
1/5/2021,0,0,2225,954,2313,0.1,84,29,35,24,11.63,0,0,46,51,42
1/6/2021,0,0,2059,2408,3582,0.6,86,33,35,31,6.71,0.76,0,48,53,45
1/7/2021,0,0,3024,2778,4434,0.2,85,31,32,29,11.63,0,0,47,52,44
1/8/2021,0,0,2369,3186,4307,0.4,87,28,32,20,5.14,0.17,0,48,52,34
1/9/2021,0,0,4719,4983,6881,0,85,28,33,21,8.5,0,0,40,48,35
1/10/2021,0,0,3274,3325,4888,0.1,84,35,38,31,11.86,0.12,0,44,46,42
1/11/2021,0,0,1152,589,1220,0.4,83,35,39,33,15.21,0.57,0,45,47,44
1/13/2021,0,0,683,1264,1463,0.8,78,29,44,24,6.71,0.02,0,54,61,42
1/14/2021,0,0,1764,1989,2771,0,77,38,50,26,6.49,0,0,45,55,38
1/15/2021,0,0,990,1525,1920,0.1,76,36,41,30,2.91,0.18,0,47,50,41
1/16/2021,0,0,3325,3175,4728,0,75,38,46,30,4.92,0,0,46,50,42
1/17/2021,0,0,2520,2604,3677,0.1,75,36,43,28,2.68,0.04,0,46,52,39
1/18/2021,1,0,3007,2982,4349,0,74,33,38,27,3.8,0,0,44,53,35
1/19/2021,0,0,1459,863,1509,0,74,33,40,27,2.68,0,0,40,52,31
1/20/2021,0,0,1867,2030,2744,0,73,38,42,33,0.89,0.01,0,38,47,30
1/21/2021,0,0,1175,1420,1911,0.6,75,33,36,31,3.36,0.12,0,44,47,41
1/22/2021,0,0,2559,2401,3870,0,75,27,31,22,4.7,0,0,44,51,33
1/23/2021,0,0,4180,3944,5698,0.1,74,25,31,21,1.34,0,0,37,47,27
1/24/2021,0,0,3338,3323,4991,0.2,79,24,27,21,4.47,0.36,0,41,41,39
1/25/2021,0,0,2437,1144,2522,0.2,79,22,27,19,5.14,0,0,39,44,36
1/26/2021,0,0,1263,566,1319,0.3,83,20,23,17,16.55,0.14,0,39,41,35
1/27/2021,0,0,3250,3050,4730,0.4,84,26,30,22,7.61,0.14,0,39,45,38
1/28/2021,0,1,2023,2152,3267,0,84,29,35,25,5.82,0.08,0,42,46,40
1/29/2021,0,0,4194,4442,6098,0,83,26,31,23,4.92,0.08,0,43,48,40
1/30/2021,0,0,3873,3844,5742,0.2,84,31,35,26,13.2,0.18,0,44,47,42
1/31/2021,0,0,3964,3178,5511,0.2,84,34,36,32,12.3,0.23,0,46,51,44
2/1/2021,0,0,1442,734,1492,0,83,35,38,31,9.17,0.58,0,48,50,46
2/2/2021,0,0,1131,577,1187,0.4,86,27,31,25,11.41,0.32,0,48,49,41
2/3/2021,0,0,3693,3395,5195,0.7,91,26,30,24,6.49,0.26,0,43,48,39
2/4/2021,0,0,1886,1800,2912,0.3,91,28,31,25,7.16,0.02,0,43,47,40
2/5/2021,0,0,2269,2682,3405,0.7,92,31,34,29,9.17,0.06,0,47,53,42
2/6/2021,0,0,2173,1647,3177,0.9,94,29,32,26,8.5,0.03,0,45,48,38
2/7/2021,0,0,2158,1757,3056,0.5,97,25,28,23,6.71,0,0,45,50,41
2/8/2021,0,0,1780,1004,1862,0.4,97,21,23,20,1.57,0,0,43,47,35
2/9/2021,0,0,1597,946,1669,0,96,21,31,16,3.58,0,0,38,47,31
2/10/2021,0,0,2299,2531,3412,0,95,26,30,23,1.79,0,0,38,47,31
2/11/2021,0,0,1245,1748,2245,0.5,100,23,29,12,17.22,0.06,0.1,39,40,28
2/12/2021,0,0,3580,2501,4521,1.9,112,19,26,13,20.36,0.79,6.1,29,30,24
2/13/2021,0,0,2879,2178,3788,1.3,121,22,28,11,16.78,0.22,3.8,26,30,24
2/14/2021,0,0,2897,1545,3762,0.4,122,30,33,27,14.32,0.42,0.1,29,32,27
2/15/2021,1,1,446,252,528,3.5,131,31,33,28,11.63,0.14,0,33,49,30
2/16/2021,0,0,1542,867,1599,2,138,27,30,25,4.92,0.01,0,43,49,38
2/17/2021,0,0,3670,3102,4777,0.6,137,26,32,19,2.91,0,0,42,49,36
2/18/2021,0,0,1659,1659,2528,1.3,141,27,32,21,10.96,0.19,0,40,42,37
2/19/2021,0,0,3170,2857,4481,1.1,145,29,32,26,4.47,0.11,0,40,50,36
2/20/2021,0,0,3806,3931,5501,0.8,146,27,29,25,6.71,0.01,0,44,52,39
2/21/2021,0,0,3198,2759,4566,1.8,148,31,33,26,15.88,0,0,47,51,45
2/23/2021,0,0,765,499,801,1.6,153,24,27,21,6.49,0.02,0,45,50,38
2/24/2021,0,0,3865,3928,5491,0.1,152,23,34,14,3.58,0.01,0,41,48,34
2/25/2021,0,0,934,968,1471,1.8,158,27,30,25,11.41,0.09,0,43,51,39
2/26/2021,0,0,1681,1645,2495,2.7,169,24,27,23,13.42,0.2,0,45,50,41
2/27/2021,0,0,3538,3699,5166,1,171,24,27,21,6.04,0.01,0,44,52,38
2/28/2021,0,0,3963,3802,5643,0,168,31,36,26,5.14,0,0,48,58,44
3/1/2021,0,0,2059,1096,2141,0,165,35,42,30,2.91,0,0,48,60,39
3/2/2021,0,0,1610,825,1666,0,163,35,42,31,4.92,0,0,47,55,38
3/3/2021,0,0,2659,2423,3565,0,160,37,48,31,3.36,0,0,43,60,33
3/4/2021,0,0,1682,1523,2317,0,159,39,45,34,7.83,0,0,48,60,38
3/5/2021,0,0,1545,1433,2294,0,158,33,39,26,7.16,0.15,0,47,50,39
3/6/2021,0,0,3063,2948,4318,0.2,158,27,32,25,6.93,0.03,0,45,53,40
3/7/2021,0,0,3017,2689,4202,0.3,159,25,28,20,10.51,0.25,0,46,50,39
3/8/2021,0,0,1554,842,1590,0.1,158,27,34,25,8.28,0,0,42,53,34
3/9/2021,0,0,1306,769,1372,0.1,158,28,33,24,7.61,0,0,45,54,40
3/10/2021,0,0,2265,1271,2343,0.7,161,27,35,21,3.13,0,0,46,58,42
3/11/2021,0,0,2103,1164,2193,0.1,158,32,41,26,3.58,0,0,47,61,36
3/12/2021,0,0,3046,2790,4210,0.2,157,34,45,26,1.79,0,0,47,62,35
3/13/2021,0,0,4057,3632,5467,0,155,40,51,32,3.58,0,0,48,62,32
3/14/2021,0,0,2453,2047,3271,0.2,157,34,40,22,10.29,0.16,0,50,52,42
3/15/2021,0,0,1422,887,1495,0.1,155,21,26,17,4.03,0,0,41,48,33
3/16/2021,0,0,1610,963,1667,0,154,31,42,19,2.46,0,0,40,55,30
3/17/2021,0,0,2093,1324,2186,0.1,152,37,44,28,2.24,0,0,46,62,32
3/18/2021,0,0,934,513,973,0.2,153,36,45,29,6.26,0.16,0,50,56,41
3/19/2021,0,0,1815,930,1913,0.1,153,29,35,26,13.65,0.05,0,49,55,45
3/20/2021,0,0,2593,1282,2688,1,159,27,31,24,11.18,0.11,0,48,53,42
3/21/2021,0,0,3367,1673,3483,0.6,161,25,27,22,7.16,0.2,0,46,51,43
3/22/2021,0,1,2696,1384,2751,0.8,170,27,31,24,8.72,0.11,0,47,54,40
3/23/2021,0,1,3725,2265,3865,0,168,28,36,19,2.68,0,0,45,58,34
3/24/2021,0,1,1857,986,1925,1.6,174,29,33,26,7.38,0.11,0,48,50,43
3/25/2021,0,1,2910,1527,3019,0.6,175,28,34,26,3.8,0.03,0,47,55,44
3/26/2021,0,1,3697,2209,3817,0,173,31,36,25,2.91,0,0,49,57,44
3/27/2021,0,0,2857,1389,2937,0,170,37,46,30,1.79,0,0,50,65,41
3/28/2021,0,0,1179,376,1207,0.7,174,32,43,20,11.41,0.15,0,51,52,39
3/29/2021,0,0,1429,812,1471,0.3,177,23,28,20,8.95,0.04,0,43,55,37
3/30/2021,0,0,2058,1014,2105,0,175,28,35,19,4.25,0,0,43,55,33
3/31/2021,0,0,1709,828,1769,0,172,40,49,27,4.7,0,0,47,71,34
4/1/2021,0,0,1070,486,1122,0,170,43,51,36,6.93,0,0,57,68,46
4/2/2021,0,0,1898,971,1976,0,168,41,49,33,3.8,0,0,52,65,40
4/3/2021,0,0,2737,1437,2816,0,166,41,50,35,4.7,0,0,53,70,42
4/4/2021,0,0,1638,714,1692,0,164,33,39,22,9.84,0,0,55,59,42
4/5/2021,0,0,1382,856,1457,0,164,29,40,21,5.82,0,0,47,62,36
4/6/2021,0,0,1469,805,1509,0,162,40,52,28,4.7,0,0,50,65,38
4/7/2021,0,0,1155,674,1190,0.1,162,33,39,28,6.93,0,0,51,52,42
4/8/2021,0,0,1415,782,1456,0.2,165,26,31,24,7.61,0.04,0,49,57,41
4/9/2021,0,1,2796,1541,2899,0,163,29,38,22,6.26,0,0,47,60,35
4/11/2021,0,0,4123,2323,4290,0,162,28,40,17,6.71,0,0,44,60,32
4/12/2021,0,0,1082,591,1118,0,161,33,38,29,10.96,0,0,51,66,36
4/13/2021,0,0,717,383,742,0,160,33,38,27,10.51,0,0,56,67,38
4/14/2021,0,0,1127,660,1176,0,158,38,44,30,5.82,0,0,56,71,45
4/15/2021,0,0,899,465,939,0,155,43,47,36,4.7,0,0,59,76,42
4/16/2021,0,0,1509,691,1569,0,152,45,49,42,6.93,0,0,63,79,45
4/17/2021,0,0,2066,787,2111,0,149,50,59,44,4.92,0,0,64,84,45
4/18/2021,0,0,1912,603,1966,0,147,49,56,43,4.03,0,0,66,83,47
4/23/2021,0,0,1349,574,1392,0,137,38,48,31,5.82,0,0,55,63,47
4/24/2021,0,0,1280,493,1315,0.4,139,33,37,30,8.5,0.17,0,53,56,48
4/25/2021,0,0,2137,869,2166,0.4,139,33,39,29,5.37,0.03,0,52,62,48
4/30/2021,0,0,1231,352,1275,0.1,127,45,52,41,5.37,0.07,0,62,70,50
5/1/2021,0,0,2670,1036,2750,0,124,37,43,33,8.72,0,0,57,62,50
5/2/2021,0,0,323,0,323,0,122,35,43,30,6.71,0,0,56,67,49